{
    "icm_20948_1": {
        "rotation_matrix": [
            [
                0.9992367373620281,
                -0.006169547835173726,
                0.038573039620938214
            ],
            [
                -0.006169547835173726,
                0.9501307694142551,
                0.3117907273986591
            ],
            [
                -0.038573039620938214,
                -0.3117907273986591,
                0.9493675067762833
            ]
        ],
        "magnetic_offset": [
            84.88360634369107,
            -44.039234738725305,
            99.10243683403051
        ],
        "magnetic_scale_matrix": [
            [
                1.0468560406155019,
                0.0,
                0.0
            ],
            [
                0.0,
                1.1902193142378656,
                0.0
            ],
            [
                0.0,
                0.0,
                0.7629246451466326
            ]
        ]
    },
    "icm_20948_2": {
        "rotation_matrix": [
            [
                0.9999953693901698,
                -0.00048650242062786895,
                0.0030040828238770256
            ],
            [
                -0.00048650242062786895,
                0.9488869470863952,
                0.31561578693794035
            ],
            [
                -0.0030040828238770256,
                -0.31561578693794035,
                0.948882316476565
            ]
        ],
        "magnetic_offset": [
            5.892277933647782,
            -16.13073910993811,
            100.75714553258119
        ],
        "magnetic_scale_matrix": [
            [
                1.1049240143192958,
                0.0,
                0.0
            ],
            [
                0.0,
                1.2939727190737393,
                0.0
            ],
            [
                0.0,
                0.0,
                0.6011032666069651
            ]
        ]
    },
    "lsm6dsox_3": {
        "rotation_matrix": [
            [
                0.9995824569522842,
                0.0040489301930490594,
                0.028609752140254015
            ],
            [
                0.0040489301930490594,
                0.9607373759475413,
                -0.27742981206374473
            ],
            [
                -0.028609752140254015,
                0.27742981206374473,
                0.9603198328998255
            ]
        ],
        "magnetic_offset": [
            15.968782514844568,
            -71.0357551582682,
            -102.46392536873626
        ],
        "magnetic_scale_matrix": [
            [
                1.044173827268456,
                0.0,
                0.0
            ],
            [
                0.0,
                1.0381854058005662,
                0.0
            ],
            [
                0.0,
                0.0,
                0.9176407669309777
            ]
        ]
    },
    "lsm6dsox_4": {
        "rotation_matrix": [
            [
                0.9998795237052248,
                0.002073420326985685,
                0.015383075217924862
            ],
            [
                0.002073420326985685,
                0.9643160352799606,
                -0.2647456987943063
            ],
            [
                -0.015383075217924862,
                0.2647456987943063,
                0.9641955589851854
            ]
        ],
        "magnetic_offset": [
            -6.024890775579573,
            -14.76590983441353,
            -112.74537802175523
        ],
        "magnetic_scale_matrix": [
            [
                0.960197066062356,
                0.0,
                0.0
            ],
            [
                0.0,
                1.0521774102981896,
                0.0
            ],
            [
                0.0,
                0.0,
                0.9876255236394541
            ]
        ]
    },
    "lsm6dsox_5": {
        "rotation_matrix": [
            [
                0.9999841884192844,
                -0.0007599189071173095,
                -0.005571843023617771
            ],
            [
                -0.0007599189071173095,
                0.9634776082303727,
                -0.26778782825575753
            ],
            [
                0.005571843023617771,
                0.26778782825575753,
                0.963461796649657
            ]
        ],
        "magnetic_offset": [
            -31.827649118168548,
            -34.56269774466193,
            -61.5352935629308
        ],
        "magnetic_scale_matrix": [
            [
                1.105314482936745,
                0.0,
                0.0
            ],
            [
                0.0,
                0.9064237879861864,
                0.0
            ],
            [
                0.0,
                0.0,
                0.9882617290770683
            ]
        ]
    },
    "lsm6dsox_6": {
        "rotation_matrix": [
            [
                0.9999994923921726,
                0.00015353533150094619,
                0.000995812381473828
            ],
            [
                0.00015353533150094619,
                0.953560412690481,
                -0.30120178581220547
            ],
            [
                -0.000995812381473828,
                0.30120178581220547,
                0.9535599050826535
            ]
        ],
        "magnetic_offset": [
            -14.189786468167457,
            -40.77039164594857,
            -81.25195371335916
        ],
        "magnetic_scale_matrix": [
            [
                1.2143717132983636,
                0.0,
                0.0
            ],
            [
                0.0,
                0.9376051818961557,
                0.0
            ],
            [
                0.0,
                0.0,
                0.8480231048054809
            ]
        ]
    }
}