{
    "per_sensor": {
        "icm_20948_1": {
            "acc": {
                "mean": [
                    -0.21744178650495855,
                    0.1365549882316355,
                    9.757247466247156
                ],
                "std": [
                    1.3826311878064097,
                    0.8439012073712437,
                    0.6951925034081233
                ]
            },
            "gyr": {
                "mean": [
                    0.009543274477332862,
                    -0.014724457229373688,
                    -0.001746642695300546
                ],
                "std": [
                    0.020667679455294585,
                    0.018312852803579766,
                    0.0709134800195764
                ]
            },
            "mag": {
                "mean": [
                    5.513255783103056,
                    -2.0733124339326263,
                    -5.884882453710601
                ],
                "std": [
                    37.17619722246115,
                    28.080196720666777,
                    21.073236462092925
                ]
            },
            "tmp": {
                "mean": 0.0,
                "std": 0.0
            }
        },
        "icm_20948_2": {
            "acc": {
                "mean": [
                    -0.22991119669020496,
                    0.13291560427601123,
                    9.930332990982219
                ],
                "std": [
                    1.383175151994623,
                    0.8355330632725542,
                    0.6930588835900274
                ]
            },
            "gyr": {
                "mean": [
                    -0.04414926016850009,
                    3.1874228723443203e-06,
                    0.002787714659649046
                ],
                "std": [
                    0.02086481260983575,
                    0.017963764032006953,
                    0.07030354764680939
                ]
            },
            "mag": {
                "mean": [
                    4.557074196276053,
                    -4.659360724287716,
                    -3.283594812900307
                ],
                "std": [
                    35.4994644999818,
                    26.326146862974117,
                    14.453947742979565
                ]
            },
            "tmp": {
                "mean": 0.0,
                "std": 0.0
            }
        },
        "lsm6dsox_3": {
            "acc": {
                "mean": [
                    -0.2499938575647639,
                    0.1269589343077884,
                    9.870104148206133
                ],
                "std": [
                    1.338334059607587,
                    0.7652214781503325,
                    0.5558018766690989
                ]
            },
            "gyr": {
                "mean": [
                    0.010610255478250891,
                    0.02997094930834873,
                    0.01133449960005045
                ],
                "std": [
                    0.016826113110362945,
                    0.017034707075700786,
                    0.07061607991426457
                ]
            },
            "mag": {
                "mean": [
                    -0.18841146783693177,
                    2.5347737686713194,
                    10.085753785969297
                ],
                "std": [
                    26.091988329138815,
                    30.297343607213243,
                    27.803998450489107
                ]
            },
            "tmp": {
                "mean": 0.0,
                "std": 0.0
            }
        },
        "lsm6dsox_4": {
            "acc": {
                "mean": [
                    -0.24382300280438565,
                    0.1274390179306353,
                    9.688606302181304
                ],
                "std": [
                    1.345448307807526,
                    0.7571217316704733,
                    0.5312400557412519
                ]
            },
            "gyr": {
                "mean": [
                    -0.0036530321549239535,
                    -0.01746910810984543,
                    0.0206779002929094
                ],
                "std": [
                    0.01652024189054747,
                    0.015989451634460812,
                    0.07059383443785076
                ]
            },
            "mag": {
                "mean": [
                    -2.3728018420050714,
                    1.2006126795695877,
                    9.526063195952672
                ],
                "std": [
                    27.175465334635078,
                    26.52291871443994,
                    24.410864100761465
                ]
            },
            "tmp": {
                "mean": 0.0,
                "std": 0.0
            }
        },
        "lsm6dsox_5": {
            "acc": {
                "mean": [
                    -0.2627992783028799,
                    0.13553549897996325,
                    9.809781939965363
                ],
                "std": [
                    1.4098550752112045,
                    0.7690087250333784,
                    0.5259492524272692
                ]
            },
            "gyr": {
                "mean": [
                    -0.004698078970202296,
                    0.021151965163913572,
                    -0.004570136743770796
                ],
                "std": [
                    0.016210120509278992,
                    0.01638444209891375,
                    0.07290278524027734
                ]
            },
            "mag": {
                "mean": [
                    1.5945783378314629,
                    -8.155270386309668,
                    -2.957324568032718
                ],
                "std": [
                    15.360311653680126,
                    24.863082715541108,
                    18.624899233612254
                ]
            },
            "tmp": {
                "mean": 0.0,
                "std": 0.0
            }
        },
        "lsm6dsox_6": {
            "acc": {
                "mean": [
                    -0.26209559903156937,
                    0.1266128045955727,
                    9.83810034055316
                ],
                "std": [
                    1.3835540433882618,
                    0.7541412104673443,
                    0.5437344566124839
                ]
            },
            "gyr": {
                "mean": [
                    -0.011531744543102386,
                    -0.0040584162752862404,
                    0.004817298697466882
                ],
                "std": [
                    0.016859484480177534,
                    0.014955558007970923,
                    0.0735708551396518
                ]
            },
            "mag": {
                "mean": [
                    -0.5468765845101609,
                    -8.915289036202477,
                    0.28650858207751617
                ],
                "std": [
                    16.921232661337207,
                    29.409357739874096,
                    17.501394468092816
                ]
            },
            "tmp": {
                "mean": 0.0,
                "std": 0.0
            }
        }
    },
    "global": {
        "acc": {
            "mean": [
                -0.2436124586385375,
                0.13100020981222693,
                9.815364527659055
            ],
            "std": [
                1.373223352433944,
                0.7894459087976293,
                0.6029369551028209
            ]
        },
        "gyr": {
            "mean": [
                -0.007279598442809655,
                0.0022366136930999266,
                0.005769272825265647
            ],